<?xml version="1.0" encoding="UTF-8" ?>
<XMLDB PATH="format/page/db" VERSION="20090602" COMMENT="XMLDB file for Moodle format/page"
    xmlns:xsi="http://www.w3.org/2001/XMLSchema-instance"
    xsi:noNamespaceSchemaLocation="../../../lib/xmldb/xmldb.xsd"
>
  <TABLES>
    <TABLE NAME="format_page" COMMENT="Format pages" NEXT="format_page_items">
      <FIELDS>
        <FIELD NAME="id" TYPE="int" LENGTH="10" NOTNULL="true" UNSIGNED="true" SEQUENCE="true" ENUM="false" COMMENT="id of the table" NEXT="courseid"/>
        <FIELD NAME="courseid" TYPE="int" LENGTH="10" NOTNULL="true" UNSIGNED="true" DEFAULT="0" SEQUENCE="false" ENUM="false" COMMENT="id from course table" PREVIOUS="id" NEXT="nameone"/>
        <FIELD NAME="nameone" TYPE="char" LENGTH="128" NOTNULL="false" SEQUENCE="false" ENUM="false" COMMENT="this is the primary page name and used in the menu" PREVIOUS="courseid" NEXT="nametwo"/>
        <FIELD NAME="nametwo" TYPE="char" LENGTH="128" NOTNULL="false" SEQUENCE="false" ENUM="false" COMMENT="This is the secondary page name and used in the tabs" PREVIOUS="nameone" NEXT="redirect"/>
		<FIELD NAME="redirect" TYPE="char" LENGTH="256" NOTNULL="false" SEQUENCE="false" ENUM="false" COMMENT="URL to which page should be redirected" PREVIOUS="nametwo" NEXT="display" />
        <FIELD NAME="display" TYPE="int" LENGTH="10" NOTNULL="false" UNSIGNED="true" DEFAULT="0" SEQUENCE="false" ENUM="false" COMMENT="bitmask used to determine the display properties of the page" PREVIOUS="redirect" NEXT="prefleftwidth"/>
        <FIELD NAME="prefleftwidth" TYPE="char" LENGTH="8" NOTNULL="false" DEFAULT="200" SEQUENCE="false" ENUM="false" COMMENT="the preferred width for the left column" PREVIOUS="display" NEXT="prefcenterwidth"/>
        <FIELD NAME="prefcenterwidth" TYPE="char" LENGTH="8" NOTNULL="false" DEFAULT="400" SEQUENCE="false" ENUM="false" COMMENT="the preferred width for the center column" PREVIOUS="prefleftwidth" NEXT="prefrightwidth"/>
        <FIELD NAME="prefrightwidth" TYPE="char" LENGTH="8" NOTNULL="false" DEFAULT="200" SEQUENCE="false" ENUM="false" COMMENT="the preferred width for the right column" PREVIOUS="prefcenterwidth" NEXT="parent"/>
        <FIELD NAME="parent" TYPE="int" LENGTH="10" NOTNULL="false" UNSIGNED="true" DEFAULT="0" SEQUENCE="false" ENUM="false" COMMENT="pageid of the parent page 0 if no parent" PREVIOUS="prefrightwidth" NEXT="sortorder"/>
        <FIELD NAME="sortorder" TYPE="int" LENGTH="4" NOTNULL="false" UNSIGNED="true" SEQUENCE="false" ENUM="false" COMMENT="the sortorder of the pages" PREVIOUS="parent" NEXT="template"/>
        <FIELD NAME="template" TYPE="int" LENGTH="4" NOTNULL="false" UNSIGNED="true" DEFAULT="0" SEQUENCE="false" ENUM="false" COMMENT="boolean value if this is the page to use as the default page for a course" PREVIOUS="sortorder" NEXT="showbuttons"/>
        <FIELD NAME="showbuttons" TYPE="int" LENGTH="4" NOTNULL="false" UNSIGNED="true" DEFAULT="0" SEQUENCE="false" ENUM="false" COMMENT="boolean value if this is set then display the previous and next nav buttons" PREVIOUS="template" NEXT="locks"/>
        <FIELD NAME="locks" TYPE="text" LENGTH="medium" NOTNULL="false" SEQUENCE="false" ENUM="false" COMMENT="Page lock information" PREVIOUS="showbuttons"/>
      </FIELDS>
      <KEYS>
        <KEY NAME="primary" TYPE="primary" FIELDS="id" COMMENT="Primary key for format_page"/>
      </KEYS>
      <INDEXES>
        <INDEX NAME="parentpageindex" UNIQUE="false" FIELDS="parent" COMMENT="index for the parentpage ids" NEXT="sortorderpageindex"/>
        <INDEX NAME="sortorderpageindex" UNIQUE="false" FIELDS="sortorder" COMMENT="index for page sortorder" PREVIOUS="parentpageindex"/>
      </INDEXES>
    </TABLE>
    <TABLE NAME="format_page_items" COMMENT="Format page items that are displayed on pages" PREVIOUS="format_page">
      <FIELDS>
        <FIELD NAME="id" TYPE="int" LENGTH="10" NOTNULL="true" UNSIGNED="true" SEQUENCE="true" ENUM="false" NEXT="pageid"/>
        <FIELD NAME="pageid" TYPE="int" LENGTH="10" NOTNULL="true" UNSIGNED="true" DEFAULT="0" SEQUENCE="false" ENUM="false" PREVIOUS="id" NEXT="cmid"/>
        <FIELD NAME="cmid" TYPE="int" LENGTH="10" NOTNULL="true" UNSIGNED="true" DEFAULT="0" SEQUENCE="false" ENUM="false" PREVIOUS="pageid" NEXT="blockinstance"/>
        <FIELD NAME="blockinstance" TYPE="int" LENGTH="10" NOTNULL="true" UNSIGNED="true" DEFAULT="0" SEQUENCE="false" ENUM="false" PREVIOUS="cmid" NEXT="position"/>
        <FIELD NAME="position" TYPE="char" LENGTH="3" NOTNULL="true" DEFAULT="c" SEQUENCE="false" ENUM="false" PREVIOUS="blockinstance" NEXT="sortorder"/>
        <FIELD NAME="sortorder" TYPE="int" LENGTH="4" NOTNULL="true" UNSIGNED="false" DEFAULT="0" SEQUENCE="false" ENUM="false" COMMENT="the row the item belongs to" PREVIOUS="position" NEXT="visible"/>
        <FIELD NAME="visible" TYPE="int" LENGTH="1" NOTNULL="true" UNSIGNED="false" DEFAULT="1" SEQUENCE="false" ENUM="false" PREVIOUS="sortorder"/>
      </FIELDS>
      <KEYS>
        <KEY NAME="primary" TYPE="primary" FIELDS="id" COMMENT="Primary key for course_format_page_items"/>
      </KEYS>
      <INDEXES>
        <INDEX NAME="format_page_items_sortorder_index" UNIQUE="false" FIELDS="sortorder" COMMENT="index for pageitem sortorder" NEXT="format_page_items_pageid_index"/>
        <INDEX NAME="format_page_items_pageid_index" UNIQUE="false" FIELDS="pageid" COMMENT="key points to format_page table id" PREVIOUS="format_page_items_sortorder_index"/>
      </INDEXES>
    </TABLE>
  </TABLES>
</XMLDB>