          <QUESTION>
            <ID>[#question_id#]</ID>
            <PARENT>0</PARENT>
            <NAME><![CDATA[[#question_title#]]]></NAME>
            <QUESTIONTEXT><![CDATA[[#question_text#]]]></QUESTIONTEXT>
            <QUESTIONTEXTFORMAT>1</QUESTIONTEXTFORMAT>
            <IMAGE></IMAGE>
            <GENERALFEEDBACK><![CDATA[[#question_general_feedback#]]]></GENERALFEEDBACK>
            <DEFAULTGRADE>1</DEFAULTGRADE>
            <PENALTY>0</PENALTY>
            <QTYPE>[#question_type#]</QTYPE>
            <LENGTH>1</LENGTH>
            <STAMP>[#question_stamp#]</STAMP>
            <VERSION>[#question_version#]</VERSION>
            <HIDDEN>0</HIDDEN>
            <TIMECREATED>[#date_now#]</TIMECREATED>
            <TIMEMODIFIED>[#date_now#]</TIMEMODIFIED>
            <CREATEDBY>[#logged_user#]</CREATEDBY>
            <MODIFIEDBY>[#logged_user#]</MODIFIEDBY>
            [#question_type_nodes#]
          </QUESTION>
